{
    "parent": "item/generated",
    "textures": {
        "layer0": "item/bow"
    },
    "display": {
        "thirdperson_righthand": {
            "rotation": [ -80, 260, -40 ],
            "translation": [ -1, -2, 2.5 ],
            "scale": [ 0.9, 0.9, 0.9 ]
        },
        "thirdperson_lefthand": {
            "rotation": [ -80, -280, 40 ],
            "translation": [ -1, -2, 2.5 ],
            "scale": [ 0.9, 0.9, 0.9 ]
        },
        "firstperson_righthand": {
            "rotation": [ 0, -90, 25 ],
            "translation": [ 1.13, 3.2, 1.13],
            "scale": [ 0.68, 0.68, 0.68 ]
        },
        "firstperson_lefthand": {
            "rotation": [ 0, 90, -25 ],
            "translation": [ 1.13, 3.2, 1.13],
            "scale": [ 0.68, 0.68, 0.68 ]
        }
    },
   "overrides": [
        { "predicate": { "custom_model_data": 101 }, "model": "qualityarmory:powguns/golden_bow" },
        { "predicate": { "pulling": 1 }, "model": "qualityarmory:powguns/golden_bow_pulling_0" },
        { "predicate": { "pulling": 1, "pull": 0.58 }, "model": "qualityarmory:powguns/golden_bow_pulling_1" },
        { "predicate": { "pulling": 1, "pull": 1.0 }, "model": "qualityarmory:powguns/golden_bow_pulling_2" }
    ]
}
